id,Nation,Month,Young people through YFC Ministry,Young people visited on a weekly basis,Young people were given the opportunity to make a decision for Jesus Christ,Young people that responded to the gospel,Local churches with active youth engagement through YFC ministry,Youth that became part of local churches through YFC ministry,Schools visited on a weekly basis,Prayer initiatives,Evangelism models used,Discipleship models used,Number of projects implemented,List of projects,Leadership Development,Training 1,Training 2,Training 3,Training 4,National Board Development,Date of Board Meeting,Sending minutes to Local Ministry Director,Fulltime staff,Full time Volunteer,Part time Volunteer,Dates of staff meetings in the past month,Number of times of staff prayers in this month,Special Project that is currently raising funds,Raising funds within your country,Project Raising funds in USA,Raising project funds in Europe,Project Raising funds elsewhere,Contribution to YFCI,Contribution to Africa,Contribution to the Regional Office,Contribution to the Pioneering,Good story of a young people’s life that has been changed
1,BURUNDI,January 2026,5114,3099,5114,140,,,15,,,,,,,,,,,,,,,,,,,,,,,,No,No,No,No,
1,BURUNDI,February 2026,3406,3001,3406,307,,,17,,,,,,,,,,,,,,,,,,,,,,,,No,No,No,No,
1,BURUNDI,March 2026,3126,3001,3126,45,,,18,Operation Hannah every Wednesday and first Saturday of the month,,,,,,,,,,,,,,,,,,,,,,,No,No,No,No,
2,DRC,January 2026,697,46,408,260,4,,,"Operation Hannah every Thursday, weekly prayer Operation Daniel every Saturday, YFCI prayer on the first Monday of the month",,"Bible study groups, occasional training, basic strengthening through occasional meetings, training seminar",1,Assistance to orphans,Training leadership and mentorship,Training leadership and mentorship,16/01/2026,17/01/2026,,,,,6,6,20,,4,,,,,,No,No,No,No,
2,DRC,February 2026,,,,,,,,,,,,,,,,,,,,,,,,,,,,,,,,,,,
2,DRC,March 2026,520,200,309,280,2,,,"Operation Hannah every Thursday, weekly prayer Operation Daniel every Saturday, YFCI prayer on the first Monday of the month",,"Bible study groups, occasional training, basic strengthening through occasional meetings, training seminar",1,Assistance to orphans,Training young leaders and organizing talent showcase events,Youth leadership training,03/06/2026,15/03/2026,,30/03/2026,,,6,0,6,15/03/2026,,,,,,,No,No,No,No,No
3,ETHIOPIA,January 2026,1323,831,72,51,7,2,5,YFC EA Weekly prayer and Monthly prayer virtual,"Friendship evangelism, street evangelism, Bible study","Group Discussion,Weekly Bible study",1,Connection point,"Volunteers Training, Coaching training",,,,,No,,,9,11,38,"5,12,19 and 26",4,connection point,Yes,Yes,No,No,No,No,No,No,
3,ETHIOPIA,February 2026,1312,512,53,32,13,23,8,YFC EA Weekly prayer and Monthly prayer virtual,"Friendship evangelism, street evangelism, Bible study","Group Discussion,Weekly Bible study",1,CONNECTION POINT,"Volunteers Training, Coaching training",NO,NO,NO,,No,27th/2026,No,7,11,41,"2,9,16 and 23",4,CONNECTION POINT,Yes,Yes,No,Yes,No,No,No,No,
3,ETHIOPIA,March 2026,1411,731,69,43,7,87,5,YFC EA Weekly prayer and Monthly prayer virtual,"Friendship evangelism, street evangelism, Bible study","Group Discussion,Weekly Bible study",1,Connection point,,"Volunteers Training, Coaching training",,,,,03/03/2026,No,7,11,38,"2,9,16,23 and 30",5,1,Yes,Yes,No,No,No,No,No,No,
4,KENYA,January 2026,21333,5340,16962,8159,0,0,49,"Weekly prayer and fasting,Monday prayers,
daily devotions,
 monthly day of prayers and fasting.","Plenary session in schools
Bible study and ppis in schools 
Group discussion, one on one meeting. 
community outreach 
hype and music""","Plenary-Questions and answers 
Weekly Bible study. 
Seminar 
group discussion, training
Bible, Worth the wait manual, Calvary Chapel Sunday School curriculum.",7,"Sports and clubs entertainment 
Bicycle club riding.
We practice tailoring in younger mothers 
Given out pads to Girls in Kipkaren Church.
Children program on Saturdays in Kibera 
Youth mentorship and life-skills training sessions
Counseling and encouragement sessions for youth and families","Leadership volunteers training 
Online training and worth the wait training
""Staff Training Meeting – Capacity building on teamwork, accountability, and reporting.
Peer Mentorship & Coaching Session – One-on-one and group mentoring for emerging leaders.""","Staff Training Meeting – Capacity building on teamwork, accountability, and reporting.16/1/26",Volunteers training 28/1/26,Online training and worth the wait training.23/1/26,"Peer Mentorship & Coaching Session – One-on-one and group mentoring for emerging leaders.""22/1/26",,,,38,15,117,20,12,Building School,Building School,Building School,Building School,Building School,No,No,No,No,"One young person in our community was living a life marked by deep confusion, broken relationships, and harmful habits that left them feeling empty and hopeless. Due to negative peer influence and a lack of guidance, they had slowly withdrawn from church and lost any sense of purpose for their future. Through our youth outreach, mentorship, and prayer support, this young person was lovingly reconnected to a faith-based environment. During a dedicated youth service, they encountered the message of salvation in a profound and personal way and made a sincere decision to surrender their life to Christ."
4,KENYA,February 2026,24047,2715,8202,8335,9,12,21,,"""One on One
Sunday services
Missions""
small groups, plenary sessions online meetings.
School outreach,
Worth the wait program 
Door to Door evangelism 
Sports and drama""","one on on,life on life ,mentorship
Weekly group Bible study. 
Bible, Worth the wait manual, Calvary Chapel Sunday School curriculum",5,"Children feeding programs on Saturdays
""Mentorship for children
Drug and alcohol awareness""
""Montership of youth/ students 
""Teaching younger mothers on how to mend the clothes","Every Monday we carry training for the volunteers. 
""Nothing for leadership. 
Currently doing the Bridge training program for ex cans.""
Virtual training in partnership with Urban Youth workers 
Leadership training ""
Volunteers seminar and youth seminar",Urban youth workers-23rd february,9th feb-22nd may ex cans,23rd feb volunteers training.,,,,,38,15,117,"10,24",23,Building School,Building School,Building School,Building School,Building School,No,No,No,No,"Recently, we witnessed a moment that reminded us just how powerful God’s love and mercy truly are. A young girl came to us carrying a heavy burden. For a long time, she had been struggling under the grip and confusion of witchcraft—something that had brought fear, turmoil, and darkness into her young life. You could see the weight in her eyes, the kind of weight no young person should ever have to carry.

As we walked with her, we were reminded of the words of our Lord Jesus Christ, when He told His disciples that “this kind can only come out by prayer and fasting.” So we did exactly that. We prayed. We fasted. We trusted God. Not because of our own strength, but because we knew that true deliverance comes from Him alone.

And then, by the grace and power of God, something beautiful happened. The chains that had held her captive were broken. The fear that once filled her heart gave way to peace. The darkness lifted, and in its place came freedom and hope. Watching her step into that freedom was a moment none of us will forget.

To us, this is not a story about what we did. It is a testimony of what God can do. Our greatest joy is simply to witness young people being set free—from fear, from bondage, from anything that seeks to destroy the destiny God has placed within them."
4,KENYA,March 2026,18988,1443,14455,1781,159,307,44,"Weekly chapter prayer meetings
First Monday: Prayer and fastingHalf-day prayer and fasting
Morning devotion
Evening Bible study, Prayer sessions with teen mums and volunteers","Plenary sessions, street evangelism 
""- question and answer
- school outreach 
- one on one
- Skits and dance""
School Sunday services, guidance and counseling sessions
School assembly (PPI), Youth conferences, Christian Union fellowships and Sunday services. Online fellowship. 
Class sessions in schools, plenary bridge sessions and small groups in youth churches.
youth workers Seminars 
""Community outreach after school.
Sports- Football and volleyball tournaments.""","Worth the wait manual 
- Discipleship materials eg book a live 1 etc""
Weekly Bible study with young people from different churches and colleges
online fellowship, Guidance and counselling. 
Weekly PPI and chapel sessions in classrooms, Weekly online Bible studies and prayers.
Weekly bible study in both Kibera and Kiambio
After school clubs.",6,"Community clean- up and environmental 
Mentorship program at Tredds Institute
Church clean up. 
Children feeding programs in Kibera every Saturdays
Homework club.
Cleaning up the drainage.","Volunteers induction training
 volunteers training
Pastors leadership training 
Youth workers training 
Young Samaritan Programme with Bible Society of Kenya",15-20 may 2026:Volunteers induction training,"2-10 may 2026:volunteers training,Young Samaritan Programme with Bible Society of Kenya","2-3 may 2026:Pastors leadership training ,Youth workers training",,,14/03/2026,Yes,38,15,100,"3,17,31",23,Building School,Building School,Building School,Building School,Building School,No,No,No,No,"Last Sunday, I was invited to preach in one of the schools. The service began early in the morning, as is usually the case, with the audience consisting mainly of students and, occasionally, a patron or the teacher on duty. However, this particular Sunday was different, as the Christian Union patron was not present. I was instead received and ushered in by the student chairlady.
After I had concluded the ministry, a lady—whom I initially assumed to be a teacher—stood up to speak. She expressed her appreciation for the sermon and shared a personal testimony that greatly encouraged me.
She explained that this was not the first time she had listened to me preach. Her first encounter was in 2017 at the same school, when I spoke on the topic of sexual purity. After completing her final exams, she did not attain the grade she had hoped for and later transferred to another school to repeat. By God’s providence, I was also invited to speak at that school, again on the same topic.
She shared that hearing the message on sexual purity twice made a profound impact on her life. She took it as a confirmation from God and made a personal decision to walk in purity. Additionally, she committed herself to serving God through student ministry.
Today, she is working in the medical field at a hospital and is doing well professionally. She expressed great joy that Youth for Christ continues to consistently teach and uphold the message of sexual purity across generations. Even nine years later, she clearly remembers the teachings and has remained a strong advocate for purity. While others promote contraceptive use among teenagers, she actively encourages young people to pursue purity.
This testimony was deeply encouraging and served as a strong motivation for me to continue faithfully serving in student ministry, trusting that God uses every opportunity to impact lives for His glory."
5,RWANDA,January 2026,2495,2200,700,33,,,20,"We have Operation Hannah, Watchmen and Daniel among staff and volunteers","School Outreach, relationship, small group",Bible study and trainings,2,Building of multi-purpose hall in Kigali and Rehabilitation Center in Huye,Our senior managment Team are trained through various institutions such as Kurumbuka Leadership Solutions and high level seminars.,Abundant Leadership Institute October 2025-August 2026,,,,,,,250,290,10,,Every week,Francophone library at KCS,,,Yes,,No,No,No,No,
5,RWANDA,February 2026,3165,2500,3165,356,75,,24,"We have Operation Hannah, Watchmen and Daniel among staff and volunteers","Crusade, one-on-one, outreaches","Bible Study, sunday services, discipleship classes, LDT",,"Construction of multi-purpose hall, TVET Center",,,,,,,,,,,,,8,Campsite Rwamagana,,,,,No,No,No,No,
5,RWANDA,March 2026,3949,2500,1741,170,25,,20,We have All the Prayer Movements operating,Outreaches and one on one,"Clubs, discipleship groups,",3,"Teen moms, sponsorship, street kids ministry",None in March,,,,,,March 21st 2026,,237,12,300,2nd April 2026,Every week,"Skills Training center, Camp site and multipurpose hall",No,Yes,,Yes,No,No,No,No,"Mark, a young man of about 14 years who was on the street and was addicted to drugs who who Emmanuel from the Southern chapter reached out to. He was able to mentored and he has since returned home and to school. He performed very well this last term, and was third in class. 11 Children have been rehabilitated and returned to famillies this year through the youth at risk ministry in Southern chapter."
6,SOUTH SUDAN,January 2026,16800,3670,13100,7200,6,4,16,"Weekly prayer, Tuesday spiritual formation, Friday Devotion and daily short devotion.","Clubs in school, Outreaches to Refugees camp in Juba and Torit.","Weekly Bible studies, Bible group discussion and mentorship programs.",2,Tailoring Project and Construction of the center.,Contilnious training of staff and ministry team.,"Staff Training and new mode of reaching out to young people, 20/1/2026",Volunteers training 27/1/2026,,,,,,7,6,32,15/1/2026,8,Construction of the Center,Construction of the Center,Construction of the Center,Construction of the Center,Construction of the Center,No,No,No,No,"William had been married for nine years without a child. During that time, he faced deep pain and constant mockery from people who called him names and laughed at his situation. The pressure became so heavy that he dropped out of university because the environment had grown too hostile. At one point, he even thought of giving up and committing suicide.

But God intervened. One day, during a devotional prayer at the YFC South Sudan computer center, the message touched his heart deeply. As he listened to the Word of God, he felt a great sense of relief and renewed hope, as if God was answering his prayers and reminding him to wait upon the Lord.

Later, William remarried and spent another four years still without a child. The mockery and insults continued, with people again calling him barren. Yet he held on to faith, trusting God’s timing. Today, God has surprised everyone William and his family are now expecting their firstborn child.

This journey has taught him that waiting upon the Lord is never in vain. Learning the Word of God and participating in devotions at the YFC South Sudan computer center has been life-changing. It has strengthened his faith, renewed his hope, and reminded him that God’s promises always come to pass in His perfect time."
6,SOUTH SUDAN,February 2026,20120,3680,16300,5200,6,6,18,"Weekly prayer, Tuesday spiritual formation, Friday Devotion and daily short devotion.","Personal, one on one, and school outreaches.",Weekly Bible studies and devotion with the youth at the center.,1,Construction of the Center.,Every Tuesday and Friday Meeting with staff and volunteers.,Capacity building and trauma healing in Torit chapter.,19-21/2/26,27-28/2/26,,,,,7,6,33,24/03/2026,16,COnstruction of the Center,COnstruction of the Center,COnstruction of the Center,COnstruction of the Center,COnstruction of the Center,No,No,No,No,"My name is Jennifer Keji. I am a returnee from Kakuma refugee camp and a mother of six children. Life has not been easy since I came back to my own country. I am very grateful to be part of the YFC South Sudan trauma healing training. Through this program, I have found relief from some of my pain, although raising my children alone remains my greatest challenge.
I work day and night to provide food for my children after their father abandoned us. Instead of giving up or choosing suicide, I chose to fight for them by working hard. I thank the YFC ministry for giving me the opportunity to serve as a tailoring teacher. This has helped me provide for my children, and I am now able to make school uniforms for them from what we produce at the center.
I pray that God will continue to provide so that my children can go to school and make me proud as a mother. This training has helped me a lot. I now face life with courage, knowing that many people are also going through struggles like mine. I believe that one day God will see me through. My greatest joy will be to see my children going to school like any other child."
6,SOUTH SUDAN,March 2026,24300,1289,24300,890,16,28,16,"1. Prayer and Fasting, 2. Peace and instability.","One on One, Personal evangelism, School outreach and sports outreach; Visiting the street children and play soccer with them.","Weekly bible studies, Friday devotion and groups in schools",1,Construction,Weekly Mentorship and staff training,Training volunteers how to raise funds and modes of reaching out to people on 28/3/2026,,,,,,,7,6,27,03/10/2026,8,Completion of the construction,Completion of the construction,,,Completion of the construction,"Yes, last month",Yes,Yes,No,
7,TANZANIA,January 2026,21500,5375,15720,9450,8,0,19,"Weekly prayers on Mondays, and a monthly day of prayer and fasting.","Schools Missions, Community outreach and engagement, Music and dance. Group discussions.","Mentorship and coaching programs, Bible studies and verse memorization and Youth leaders training",2,"Giving out clothes to the need, supporting vulnerable young people school supplies","Volunteer training on Leadership and self determination, Staff Training on Responsibility and accounttability, vision and mession of YFC, Behavior of a leader.",Volunteer training on Leadership and self determination.9/1/2026,Staff Training on Responsibility and accounttability 13/1/2026,vision and mession of YFC 19/1/2026,Behavior of a leader 23/1/2026,,,,10,10,70,"6, 13, 19, 23/1/2026",10,Building a youth center,Building a youth center,Building a youth center,Building a youth center,Building a youth center,No,No,No,No,
7,TANZANIA,February 2026,23560,5890,11678,6311,24,32,22,"monthly prayer and fasting, Monday of every week prayer and devotion.","Schools Missions, Community outreach and engagement, Music and dance. Group discussions.","Mentorship and coaching programs, Bible studies and verse memorization and Youth leaders training.",2,"Construction of the Conter, provision of sanitary pads to vulnerable girls.","Fundraising training to staff and volunteers, Leadership training, Trauma Healing training.","Trauma Healing, Fundraising training, Leadership training",02/09/2026,18/2/2026,,27/2/2026,,,10,8,70,"2,9,16,23",8,Construction of the center,,,,,No,No,No,No,
7,TANZANIA,March 2026,25320,6330,25320,2760,24,46,19,"monthly prayer and fasting, Monday of every week prayer and devotion.","Schools Missions, Community outreach and engagement, Music and dance. Group discussions.","Mentorship and coaching programs, Bible studies and verse memorization and Youth leaders training.",,,Offer Trainings and mentorship,Building and Leading the team,Best way to recruit and engage the team,,,,,,10,8,70,"2,9,16,30/03/2026",4,,,,,,No,No,No,No,
8,UGANDA,January 2026,9,9,,,1,,,Week of prayer and fasting,,,1,Care of pregnant teenagers,Staff and volunteer training,Staff and volunteer training 5th-9th January,,,,,,,12,10,18,9th January,,,,,,,No,No,No,No,"A Life changing story.
This is Justine, a 16 years old girl, grew up in a polygamous family where the mother could provide everything at home including her school fees. Life became hard and harder as she stopped schooling due to financial instability. Time came where the stepmother connived with a group of men to rape and kill Justine. She ran away from home and came to town to stay with her brother who also chased her away from his home because she could not contribute to the rent. The mother also exiled to a neighboring country since her co-wife wanted to kill her.
 At a tender age, Justine resorted to sleeping around with different men to have food and shelter and it was through this that she conceived her baby. Friends encouraged her to do abortion because she never knew the owner of the pregnancy but she refused because the pregnancy had matured. A Samaritan woman saw how vulnerable she was and referred to hospital that brought her to Youth for Christ Uganda for assistance.
At this point, Justine testifies the goodness of the Lord ever since she landed in this place. The love and care she has received, has completely turned her life around. Justine met GOD, confessed Christ Jesus as her personal Lord and Savior, sought forgiveness from GOD and from her mother, forgave all who wronged her especially her father and the step mothers. On the reunion of young mothers on 13th December 2025, she is the only one who gave her life to the Lord, we praise God for she is growing in the Lord.  She gave birth to a boy child and named him “Miracle” because God has loved her dearly. She promises to continue praying, loving her baby and making right decisions. And also going back to school if she gets the chance.
She is thankful to Youth for Christ Uganda- Mirembe House and GOD for placing such people to help vulnerable pregnant girls like her."
8,UGANDA,February 2026,15,15,,,1,,,Week of prayer and fasting and lunch hour services,,"1, life ministry",1,Care of pregnant teenagers,Staff and volunteer training,Staff and volunteer training 2nd Feb,,,,,,,12,10,18,2nd February,Every day during working days,Study material and food supplies for young mothers,,,,,No,No,No,No,
8,UGANDA,March 2026,3238,53,3238,219,2,,2,Week of prayer and fasting and lunch hour services,School ministry,Bible studies by life ministry,2,Care of pregnant teenagers in Morembe House and vocational training of young mothets,Volunteer training and staff training,"Volunteer training, 4th, 11th, 18th and 25th March",Staff training on exellence on 2nd march,,,,,,12,10,22,2nd March,Daily on working days,,,,,,No,No,No,No,
